"schema_name","object_name","object_type","column_id","column_name","data_type","max_length","is_nullable","is_primary_key","is_foreign_key","column_comment"
"odb_dc","V_CPR_BUSINESS_TERM","VIEW","1","ID","nvarchar","250","False","1","0","Primární identifikátor záznamu"
"odb_dc","V_CPR_BUSINESS_TERM","VIEW","2","LAST_CHANGE","nvarchar","250","True","0","0","Datum/čas poslední změny"
"odb_dc","V_CPR_BUSINESS_TERM","VIEW","3","NAME","nvarchar","500","True","0","0","Název"
"odb_dc","V_CPR_BUSINESS_TERM","VIEW","4","EFFECTIVE_FORM","nvarchar","250","True","0","0","Effective Form"
"odb_dc","V_CPR_BUSINESS_TERM","VIEW","5","CREATED","nvarchar","250","True","0","0","Datum/čas vytvoření"
"odb_dc","V_CPR_BUSINESS_TERM","VIEW","6","AUTHOR_NUM_ID","nvarchar","250","True","0","1","Číselný identifikátor autora"
"odb_dc","V_CPR_BUSINESS_TERM","VIEW","7","STEWARDSHIP_ID","nvarchar","250","True","0","1","Správa (stewardship)"
"odb_dc","V_CPR_BUSINESS_TERM","VIEW","8","STEWARDSHIP_PUBLISHED","nvarchar","250","True","0","0","Správa (stewardship)"
"odb_dc","V_CPR_BUSINESS_TERM","VIEW","9","BUSINESS_DEFINITION","nvarchar","-1","True","0","0","Obchodní definice"
"odb_dc","V_CPR_BUSINESS_TERM","VIEW","10","BUSINESS_DOMAIN_ID","nvarchar","250","True","0","1","Obchodní Domain Identifikátor"
"odb_dc","V_CPR_BUSINESS_TERM","VIEW","11","CONFIDENTIALITY_ID","nvarchar","250","True","0","1","Confidentiality Identifikátor"
"odb_dc","V_CPR_BUSINESS_TERM","VIEW","12","DQ_CHECK_REQUEST_ID","nvarchar","250","True","0","1","Dq Check Request Identifikátor"
"odb_dc","V_CPR_BUSINESS_TERM","VIEW","13","BUSINESS_RULE","nvarchar","2000","True","0","0","Obchodní Rule"
"odb_dc","V_CPR_BUSINESS_TERM","VIEW","14","NOTE","nvarchar","2000","True","0","0","Poznámka"
"odb_dc","V_CPR_BUSINESS_TERM","VIEW","15","URL_BT","nvarchar","250","True","0","0","Odkaz (URL)"
"odb_dc","V_CPR_BUSINESS_TERM","VIEW","16","STATUS","nvarchar","250","True","0","0","Stav"
"odb_dc","V_CPR_BUSINESS_TERM","VIEW","17","NAME_DRAFT","nvarchar","250","True","0","0","Název"
"odb_dc","V_CPR_BUSINESS_TERM","VIEW","18","STEWARDSHIP_DRAFT_ID","nvarchar","250","True","0","1","Správa (stewardship)"
"odb_dc","V_CPR_BUSINESS_TERM","VIEW","19","STEWARDSHIP_DRAFT","nvarchar","250","True","0","0","Správa (stewardship)"
"odb_dc","V_CPR_BUSINESS_TERM","VIEW","20","AUTHOR_NUM_ID_DRAFT","nvarchar","250","True","0","0","Číselný identifikátor autora"
"odb_dc","V_CPR_BUSINESS_TERM","VIEW","21","AUTHOR_USER_ID","nvarchar","250","True","0","1","ID uživatele - autor"
"odb_dc","V_CPR_BUSINESS_TERM","VIEW","22","AUTHOR_USER_ID_DRAFT","nvarchar","250","True","0","0","ID uživatele - autor"
"odb_dc","V_CPR_BUSINESS_TERM","VIEW","23","DATETIME","datetime2","6","True","0","0","Datum/čas"
"odb_dc","V_CPR_BUSINESS_TERM","VIEW","24","STATUS_CPR_BUSINESS_TERM","nvarchar","250","True","0","0","Obchodní termín"
"odb_dc","V_CPR_BUSINESS_TERM_DQ","VIEW","1","ID","nvarchar","250","False","1","0","Primární identifikátor záznamu"
"odb_dc","V_CPR_BUSINESS_TERM_DQ","VIEW","2","ABBREVIATION","nvarchar","250","True","0","0","Zkratka"
"odb_dc","V_CPR_BUSINESS_TERM_DQ","VIEW","3","ATTACHMENTS","nvarchar","2000","True","0","0","Přílohy"
"odb_dc","V_CPR_BUSINESS_TERM_DQ","VIEW","4","AUTHOR_DQ_REQUEST","nvarchar","250","True","0","0","Autor Dq Request"
"odb_dc","V_CPR_BUSINESS_TERM_DQ","VIEW","5","BUSINESS_DEFINITION","nvarchar","-1","True","0","0","Obchodní definice"
"odb_dc","V_CPR_BUSINESS_TERM_DQ","VIEW","6","BUSINESS_IMPACT","nvarchar","2000","True","0","0","Obchodní Impact"
"odb_dc","V_CPR_BUSINESS_TERM_DQ","VIEW","7","CORRECTION","nvarchar","2000","True","0","0","Correction"
"odb_dc","V_CPR_BUSINESS_TERM_DQ","VIEW","8","DQ_REQUIREMENT","nvarchar","2000","True","0","0","Dq Requirement"
"odb_dc","V_CPR_BUSINESS_TERM_DQ","VIEW","9","NAME","nvarchar","500","True","0","0","Název"
"odb_dc","V_CPR_BUSINESS_TERM_DQ","VIEW","10","OWNER","nvarchar","250","True","0","0","Vlastník"
"odb_dc","V_CPR_BUSINESS_TERM_DQ","VIEW","11","PUSHDOWN_ENABLED","bit","1","True","0","0","Pushdown Enabled"
"odb_dc","V_CPR_BUSINESS_TERM_DQ","VIEW","12","REQUIRED_ACTION","nvarchar","2000","True","0","0","Required Action"
"odb_dc","V_CPR_BUSINESS_TERM_DQ","VIEW","13","SEVERITY","nvarchar","250","True","0","0","Severity"
"odb_dc","V_CPR_BUSINESS_TERM_DQ","VIEW","14","STATUS_DQR","nvarchar","250","True","0","0","Stav"
"odb_dc","V_CPR_BUSINESS_TERM_DQ","VIEW","15","STEWARD","nvarchar","250","True","0","0","Steward"
"odb_dc","V_CPR_BUSINESS_TERM_DQ","VIEW","16","STEWARDSHIP","nvarchar","250","True","0","0","Správa (stewardship)"
"odb_dc","V_CPR_BUSINESS_TERM_DQ","VIEW","17","SYNONYM_ID","nvarchar","250","True","0","1","Synonym Identifikátor"
"odb_dc","V_CPR_BUSINESS_TERM_DQ","VIEW","18","TERM_DEFINITION_SOURCE","nvarchar","250","True","0","0","Term Definice Source"
"odb_dc","V_CPR_BUSINESS_TERM_DQ","VIEW","19","ENTITY","nvarchar","250","True","0","0","Entity"
"odb_dc","V_CPR_BUSINESS_TERM_DQ","VIEW","20","PARENT_ID","nvarchar","250","True","0","1","ID rodiče"
"odb_dc","V_CPR_BUSINESS_TERM_DQ","VIEW","21","DATETIME","datetime2","6","True","0","0","Datum/čas"
"odb_dc","V_CPR_BUSINESS_TERM_SHARED_ACCESS","VIEW","1","ID","nvarchar","250","False","1","0","Primární identifikátor záznamu"
"odb_dc","V_CPR_BUSINESS_TERM_SHARED_ACCESS","VIEW","2","ACCESS_LEVEL","nvarchar","250","True","0","0","Access Level"
"odb_dc","V_CPR_BUSINESS_TERM_SHARED_ACCESS","VIEW","3","USER_ID","nvarchar","250","True","0","1","Uživatel Identifikátor"
"odb_dc","V_CPR_BUSINESS_TERM_SHARED_ACCESS","VIEW","4","USER_NUM_ID","int","4","True","0","1","Uživatel Num Identifikátor"
"odb_dc","V_CPR_BUSINESS_TERM_SHARED_ACCESS","VIEW","5","GROUP_ID","nvarchar","250","True","0","1","Skupina Identifikátor"
"odb_dc","V_CPR_BUSINESS_TERM_SHARED_ACCESS","VIEW","6","GROUP_NUM_ID","int","4","True","0","1","Skupina Num Identifikátor"
"odb_dc","V_CPR_BUSINESS_TERM_SHARED_ACCESS","VIEW","7","DATETIME","datetime2","6","True","0","0","Datum/čas"
"odb_dc","V_CPR_CATALOG_ITEM","VIEW","1","ID","nvarchar","250","False","1","0","Primární identifikátor záznamu"
"odb_dc","V_CPR_CATALOG_ITEM","VIEW","2","NAME","nvarchar","500","True","0","0","Název"
"odb_dc","V_CPR_CATALOG_ITEM","VIEW","3","NUMBER_OF_ATTRIBUTES","int","4","True","0","0","Počet Of Attributes"
"odb_dc","V_CPR_CATALOG_ITEM","VIEW","4","NUMBER_OF_RECORDS","int","4","True","0","0","Počet Of Records"
"odb_dc","V_CPR_CATALOG_ITEM","VIEW","5","DESCRIPTION","nvarchar","2000","True","0","0","Popis"
"odb_dc","V_CPR_CATALOG_ITEM","VIEW","6","CREATED","nvarchar","250","True","0","0","Datum/čas vytvoření"
"odb_dc","V_CPR_CATALOG_ITEM","VIEW","7","SOURCE_ID","nvarchar","250","True","0","1","Source Identifikátor"
"odb_dc","V_CPR_CATALOG_ITEM","VIEW","8","URL","nvarchar","500","True","0","0","Odkaz (URL)"
"odb_dc","V_CPR_CATALOG_ITEM","VIEW","9","LAST_CHANGE","nvarchar","250","True","0","0","Datum/čas poslední změny"
"odb_dc","V_CPR_CATALOG_ITEM","VIEW","10","STEWARDSHIP_PUBLISHED","nvarchar","250","True","0","0","Správa (stewardship)"
"odb_dc","V_CPR_CATALOG_ITEM","VIEW","11","LAST_CHANGE_DRAFT","nvarchar","250","True","0","0","Datum/čas poslední změny"
"odb_dc","V_CPR_CATALOG_ITEM","VIEW","12","STEWARDSHIP_DRAFT","nvarchar","250","True","0","0","Správa (stewardship)"
"odb_dc","V_CPR_CATALOG_ITEM","VIEW","13","LOCATION_ID","nvarchar","250","True","0","1","Location Identifikátor"
"odb_dc","V_CPR_CATALOG_ITEM","VIEW","14","DATETIME","datetime2","6","True","0","0","Datum/čas"
"odb_dc","V_CPR_CATALOG_ITEM_AGGREGATED_TERM_REFERENCES","VIEW","1","ID","nvarchar","250","False","1","0","Primární identifikátor záznamu"
"odb_dc","V_CPR_CATALOG_ITEM_AGGREGATED_TERM_REFERENCES","VIEW","2","BUSINESS_TERM_ID","nvarchar","250","True","0","1","Obchodní termín"
"odb_dc","V_CPR_CATALOG_ITEM_AGGREGATED_TERM_REFERENCES","VIEW","3","CATALOG_ITEM_ID","nvarchar","250","True","0","1","Catalog Item Identifikátor"
"odb_dc","V_CPR_CATALOG_ITEM_AGGREGATED_TERM_REFERENCES","VIEW","4","DATETIME","datetime2","6","True","0","0","Datum/čas"
"odb_dc","V_CPR_CATALOG_ITEMS_ATTRIBUTES","VIEW","1","ID","nvarchar","250","False","1","0","Primární identifikátor záznamu"
"odb_dc","V_CPR_CATALOG_ITEMS_ATTRIBUTES","VIEW","2","NAME","nvarchar","500","True","0","0","Název"
"odb_dc","V_CPR_CATALOG_ITEMS_ATTRIBUTES","VIEW","3","COLUMN_TYPE","nvarchar","250","True","0","0","Column Typ"
"odb_dc","V_CPR_CATALOG_ITEMS_ATTRIBUTES","VIEW","4","DATA_TYPE","nvarchar","250","True","0","0","Data Typ"
"odb_dc","V_CPR_CATALOG_ITEMS_ATTRIBUTES","VIEW","5","COMMENT_TEXT","nvarchar","2000","True","0","0","Comment Text"
"odb_dc","V_CPR_CATALOG_ITEMS_ATTRIBUTES","VIEW","6","DESCRIPTION","nvarchar","2000","True","0","0","Popis"
"odb_dc","V_CPR_CATALOG_ITEMS_ATTRIBUTES","VIEW","7","SUPPORTED","bit","1","True","0","0","Supported"
"odb_dc","V_CPR_CATALOG_ITEMS_ATTRIBUTES","VIEW","8","ATTRIBUTE_ORDER","int","4","True","0","0","Attribute Order"
"odb_dc","V_CPR_CATALOG_ITEMS_ATTRIBUTES","VIEW","9","STEREOTYPE","nvarchar","250","True","0","0","Stereotype"
"odb_dc","V_CPR_CATALOG_ITEMS_ATTRIBUTES","VIEW","10","EXTENDED_DESCRIPTION","nvarchar","250","True","0","0","Popis"
"odb_dc","V_CPR_CATALOG_ITEMS_ATTRIBUTES","VIEW","11","CREATED","nvarchar","250","True","0","0","Datum/čas vytvoření"
"odb_dc","V_CPR_CATALOG_ITEMS_ATTRIBUTES","VIEW","12","PARENT_ID","nvarchar","250","True","0","1","ID rodiče"
"odb_dc","V_CPR_CATALOG_ITEMS_ATTRIBUTES","VIEW","13","DATETIME","datetime2","6","True","0","0","Datum/čas"
"odb_dc","V_CPR_CATALOG_ITEMS_INSTANCE_ATTRIBUTES","VIEW","1","ID","nvarchar","250","False","1","0","Primární identifikátor záznamu"
"odb_dc","V_CPR_CATALOG_ITEMS_INSTANCE_ATTRIBUTES","VIEW","2","NAME","nvarchar","500","True","0","0","Název"
"odb_dc","V_CPR_CATALOG_ITEMS_INSTANCE_ATTRIBUTES","VIEW","3","COLUMN_TYPE","nvarchar","250","True","0","0","Column Typ"
"odb_dc","V_CPR_CATALOG_ITEMS_INSTANCE_ATTRIBUTES","VIEW","4","DATA_TYPE","nvarchar","250","True","0","0","Data Typ"
"odb_dc","V_CPR_CATALOG_ITEMS_INSTANCE_ATTRIBUTES","VIEW","5","COMMENT","nvarchar","2000","True","0","0","Comment"
"odb_dc","V_CPR_CATALOG_ITEMS_INSTANCE_ATTRIBUTES","VIEW","6","DESCRIPTION","nvarchar","2000","True","0","0","Popis"
"odb_dc","V_CPR_CATALOG_ITEMS_INSTANCE_ATTRIBUTES","VIEW","7","SUPPORTED","bit","1","True","0","0","Supported"
"odb_dc","V_CPR_CATALOG_ITEMS_INSTANCE_ATTRIBUTES","VIEW","8","ORDER","int","4","True","0","0","Order"
"odb_dc","V_CPR_CATALOG_ITEMS_INSTANCE_ATTRIBUTES","VIEW","9","STEREOTYPE","nvarchar","250","True","0","0","Stereotype"
"odb_dc","V_CPR_CATALOG_ITEMS_INSTANCE_ATTRIBUTES","VIEW","10","EXTENDED_DESCRIPTION","nvarchar","250","True","0","0","Popis"
"odb_dc","V_CPR_CATALOG_ITEMS_INSTANCE_ATTRIBUTES","VIEW","11","ATTRIBUTES_IN_LKP","nvarchar","2000","True","0","0","Attributes In Lkp"
"odb_dc","V_CPR_CATALOG_ITEMS_INSTANCE_ATTRIBUTES","VIEW","12","PARENT_ID","nvarchar","250","True","0","1","ID rodiče"
"odb_dc","V_CPR_CATALOG_ITEMS_INSTANCE_ATTRIBUTES","VIEW","13","DATETIME","datetime2","6","True","0","0","Datum/čas"
"odb_dc","V_CPR_CODE_LIST","VIEW","1","ID","nvarchar","250","False","1","0","Primární identifikátor záznamu"
"odb_dc","V_CPR_CODE_LIST","VIEW","2","ABBREVIATION","nvarchar","250","True","0","0","Zkratka"
"odb_dc","V_CPR_CODE_LIST","VIEW","3","BUSINESS_DEFINITION","nvarchar","-1","True","0","0","Obchodní definice"
"odb_dc","V_CPR_CODE_LIST","VIEW","4","CATEGORY","nvarchar","250","True","0","0","Category"
"odb_dc","V_CPR_CODE_LIST","VIEW","5","CODE_MANAGER","nvarchar","250","True","0","0","Code Manager"
"odb_dc","V_CPR_CODE_LIST","VIEW","6","CONFIDENTIALITY","nvarchar","250","True","0","0","Confidentiality"
"odb_dc","V_CPR_CODE_LIST","VIEW","7","CPR_CL_NOTE","nvarchar","2000","True","0","0","Poznámka"
"odb_dc","V_CPR_CODE_LIST","VIEW","8","NAME","nvarchar","500","True","0","0","Název"
"odb_dc","V_CPR_CODE_LIST","VIEW","9","OBSOLESCENCE","bit","1","True","0","0","Obsolescence"
"odb_dc","V_CPR_CODE_LIST","VIEW","10","OWNER","nvarchar","250","True","0","0","Vlastník"
"odb_dc","V_CPR_CODE_LIST","VIEW","11","PUSHDOWN_ENABLED","bit","1","True","0","0","Pushdown Enabled"
"odb_dc","V_CPR_CODE_LIST","VIEW","12","STEWARD","nvarchar","250","True","0","0","Steward"
"odb_dc","V_CPR_CODE_LIST","VIEW","13","STEWARDSHIP","nvarchar","250","True","0","0","Správa (stewardship)"
"odb_dc","V_CPR_CODE_LIST","VIEW","14","SYNONYM_ID","nvarchar","250","True","0","1","Synonym Identifikátor"
"odb_dc","V_CPR_CODE_LIST","VIEW","15","TECHNICAL_NAME","nvarchar","500","True","0","0","Název"
"odb_dc","V_CPR_CODE_LIST","VIEW","16","TERM_DEFINITION_SOURCE","nvarchar","250","True","0","0","Term Definice Source"
"odb_dc","V_CPR_CODE_LIST","VIEW","17","ENTITY","nvarchar","250","True","0","0","Entity"
"odb_dc","V_CPR_CODE_LIST","VIEW","18","PARENT_ID","nvarchar","250","True","0","1","ID rodiče"
"odb_dc","V_CPR_CODE_LIST","VIEW","19","GUID_SPARX_EA","nvarchar","250","True","0","0","Globálně unikátní identifikátor (GUID) Sparx Ea"
"odb_dc","V_CPR_CODE_LIST","VIEW","20","DATETIME","datetime2","6","True","0","0","Datum/čas"
"odb_dc","V_CPR_CODE_LIST","VIEW","21","CPR_CL_STATE","nvarchar","250","True","0","0","Cpr Cl State"
"odb_dc","V_CPR_CODE_LIST_COOPERATING_STEWARDS","VIEW","1","USER_ID","varchar","250","False","0","1","Uživatel Identifikátor"
"odb_dc","V_CPR_CODE_LIST_COOPERATING_STEWARDS","VIEW","2","USERNAME","varchar","250","False","0","0","Uživatelské jméno"
"odb_dc","V_CPR_CODE_LIST_COOPERATING_STEWARDS","VIEW","3","FIRST_NAME","varchar","250","False","0","0","Název"
"odb_dc","V_CPR_CODE_LIST_COOPERATING_STEWARDS","VIEW","4","LAST_NAME","varchar","250","False","0","0","Název"
"odb_dc","V_CPR_CODE_LIST_COOPERATING_STEWARDS","VIEW","5","EMAIL","varchar","250","False","0","0","Email"
"odb_dc","V_CPR_CODE_LIST_COOPERATING_STEWARDS","VIEW","6","NUMERICAL_IDENTIFIER","int","4","False","0","0","Numerical Identifier"
"odb_dc","V_CPR_CODE_LIST_COOPERATING_STEWARDS","VIEW","7","DISABLED_SINCE","varchar","250","True","0","0","Disabled Since"
"odb_dc","V_CPR_CODE_LIST_COOPERATING_STEWARDS","VIEW","8","COOPERATING_STEWARDS_ID","varchar","250","False","0","1","Cooperating Stewards Identifikátor"
"odb_dc","V_CPR_CODE_LIST_COOPERATING_STEWARDS","VIEW","9","COOPERATING_STEWARDS_NAME","varchar","250","True","0","0","Název"
"odb_dc","V_CPR_CODE_LIST_COOPERATING_STEWARDS","VIEW","10","COOPERATING_STEWARDS_PARENT_ID","varchar","250","False","0","1","ID rodiče"
"odb_dc","V_CPR_CODE_LIST_COOPERATING_STEWARDS","VIEW","11","DATETIME","datetime2","6","True","0","0","Datum/čas"
"odb_dc","V_CPR_DQ_RULE","VIEW","1","ID","nvarchar","255","False","1","0","Primární identifikátor záznamu"
"odb_dc","V_CPR_DQ_RULE","VIEW","2","NAME","nvarchar","255","True","0","0","Název"
"odb_dc","V_CPR_DQ_RULE","VIEW","3","DESCRIPTION","nvarchar","-1","True","0","0","Popis"
"odb_dc","V_CPR_DQ_RULE","VIEW","4","AUTHOR_ID","nvarchar","255","True","0","1","Autor Identifikátor"
"odb_dc","V_CPR_DQ_RULE","VIEW","5","STEWARDSHIP_ID","nvarchar","255","True","0","1","Správa (stewardship)"
"odb_dc","V_CPR_DQ_RULE","VIEW","6","DATETIME","datetime2","6","True","0","0","Datum/čas"
"odb_dc","V_CPR_DQ_RULE_INSTANCE","VIEW","1","ID","nvarchar","255","False","1","0","Primární identifikátor záznamu"
"odb_dc","V_CPR_DQ_RULE_INSTANCE","VIEW","2","PARENT_ID","nvarchar","255","True","0","1","ID rodiče"
"odb_dc","V_CPR_DQ_RULE_INSTANCE","VIEW","3","NODE_PATH","nvarchar","255","True","0","0","Node Path"
"odb_dc","V_CPR_DQ_RULE_INSTANCE","VIEW","4","PARENT_NODE_PATH","nvarchar","255","True","0","0","ID rodiče Node Path"
"odb_dc","V_CPR_DQ_RULE_INSTANCE","VIEW","5","TARGET_ID","nvarchar","255","True","0","1","Target Identifikátor"
"odb_dc","V_CPR_DQ_RULE_INSTANCE","VIEW","6","DATETIME","datetime2","6","True","0","0","Datum/čas"
"odb_dc","V_CPR_DQ_RULE_INSTANCE_ANCESTOR","VIEW","1","ID","nvarchar","255","False","1","0","Primární identifikátor záznamu"
"odb_dc","V_CPR_DQ_RULE_INSTANCE_ANCESTOR","VIEW","2","ANCESTOR_ID","nvarchar","255","False","0","1","Ancestor Identifikátor"
"odb_dc","V_CPR_DQ_RULE_INSTANCE_ANCESTOR","VIEW","3","TYPE","nvarchar","255","True","0","0","Typ"
"odb_dc","V_CPR_DQ_RULE_INSTANCE_ANCESTOR","VIEW","4","NAME","nvarchar","255","True","0","0","Název"
"odb_dc","V_CPR_DQ_RULE_INSTANCE_ANCESTOR","VIEW","5","RULE_INSTANCE_ID","nvarchar","255","True","0","1","Rule Instance Identifikátor"
"odb_dc","V_CPR_DQ_RULE_INSTANCE_ANCESTOR","VIEW","6","DATETIME","datetime2","6","True","0","0","Datum/čas"
"odb_dc","V_CPR_DQ_RULE_RELATIONSHIP","VIEW","1","ID","nvarchar","255","False","1","0","Primární identifikátor záznamu"
"odb_dc","V_CPR_DQ_RULE_RELATIONSHIP","VIEW","2","ORDER","int","4","True","0","0","Order"
"odb_dc","V_CPR_DQ_RULE_RELATIONSHIP","VIEW","3","SOURCE_ID","nvarchar","255","True","0","1","Source Identifikátor"
"odb_dc","V_CPR_DQ_RULE_RELATIONSHIP","VIEW","4","TARGET_ID","nvarchar","255","True","0","1","Target Identifikátor"
"odb_dc","V_CPR_DQ_RULE_RELATIONSHIP","VIEW","5","TYPE_ID","nvarchar","255","True","0","1","Typ Identifikátor"
"odb_dc","V_CPR_DQ_RULE_RELATIONSHIP","VIEW","6","DATETIME","datetime2","6","True","0","0","Datum/čas"
"odb_dc","V_CPR_DQ_RULE_TERM_INSTANCE","VIEW","1","ID","nvarchar","255","False","1","0","Primární identifikátor záznamu"
"odb_dc","V_CPR_DQ_RULE_TERM_INSTANCE","VIEW","2","PARENT_NODE","nvarchar","255","True","0","0","ID rodiče Node"
"odb_dc","V_CPR_DQ_RULE_TERM_INSTANCE","VIEW","3","NAME","nvarchar","255","True","0","0","Název"
"odb_dc","V_CPR_DQ_RULE_TERM_INSTANCE","VIEW","4","RULE_ID","nvarchar","255","True","0","1","Rule Identifikátor"
"odb_dc","V_CPR_DQ_RULE_TERM_INSTANCE","VIEW","5","DATETIME","datetime2","6","True","0","0","Datum/čas"
"odb_dc","V_CPR_LOCATION_0","VIEW","1","ID","nvarchar","250","False","1","0","Primární identifikátor záznamu"
"odb_dc","V_CPR_LOCATION_0","VIEW","2","STEWARDSHIP_NAME","nvarchar","250","True","0","0","Správa (stewardship)"
"odb_dc","V_CPR_LOCATION_0","VIEW","3","LOCATION_GID","nvarchar","250","True","0","1","Location Gid"
"odb_dc","V_CPR_LOCATION_0","VIEW","4","LOCATION_NAME","nvarchar","1000","True","0","0","Název"
"odb_dc","V_CPR_LOCATION_0","VIEW","5","PARENT_GID","nvarchar","250","True","0","1","ID rodiče"
"odb_dc","V_CPR_LOCATION_0","VIEW","6","DATETIME","datetime2","6","True","0","0","Datum/čas"
"odb_dc","V_CPR_LOCATION_1","VIEW","1","ID","nvarchar","250","False","1","0","Primární identifikátor záznamu"
"odb_dc","V_CPR_LOCATION_1","VIEW","2","STEWARDSHIP_NAME","nvarchar","250","True","0","0","Správa (stewardship)"
"odb_dc","V_CPR_LOCATION_1","VIEW","3","LOCATION_GID","nvarchar","250","True","0","1","Location Gid"
"odb_dc","V_CPR_LOCATION_1","VIEW","4","LOCATION_NAME","nvarchar","1000","True","0","0","Název"
"odb_dc","V_CPR_LOCATION_1","VIEW","5","PARENT_GID","nvarchar","250","True","0","1","ID rodiče"
"odb_dc","V_CPR_LOCATION_1","VIEW","6","DATETIME","datetime2","6","True","0","0","Datum/čas"
"odb_dc","V_CPR_LOCATION_2","VIEW","1","ID","nvarchar","250","False","1","0","Primární identifikátor záznamu"
"odb_dc","V_CPR_LOCATION_2","VIEW","2","STEWARDSHIP_NAME","nvarchar","250","True","0","0","Správa (stewardship)"
"odb_dc","V_CPR_LOCATION_2","VIEW","3","LOCATION_GID","nvarchar","250","True","0","1","Location Gid"
"odb_dc","V_CPR_LOCATION_2","VIEW","4","LOCATION_NAME","nvarchar","1000","True","0","0","Název"
"odb_dc","V_CPR_LOCATION_2","VIEW","5","PARENT_GID","nvarchar","250","True","0","1","ID rodiče"
"odb_dc","V_CPR_LOCATION_2","VIEW","6","DATETIME","datetime2","6","True","0","0","Datum/čas"
"odb_dc","V_CPR_LOCATION_3","VIEW","1","ID","nvarchar","250","False","1","0","Primární identifikátor záznamu"
"odb_dc","V_CPR_LOCATION_3","VIEW","2","STEWARDSHIP_NAME","nvarchar","250","True","0","0","Správa (stewardship)"
"odb_dc","V_CPR_LOCATION_3","VIEW","3","LOCATION_GID","nvarchar","250","True","0","1","Location Gid"
"odb_dc","V_CPR_LOCATION_3","VIEW","4","LOCATION_NAME","nvarchar","1000","True","0","0","Název"
"odb_dc","V_CPR_LOCATION_3","VIEW","5","PARENT_GID","nvarchar","250","True","0","1","ID rodiče"
"odb_dc","V_CPR_LOCATION_3","VIEW","6","DATETIME","datetime2","6","True","0","0","Datum/čas"
"odb_dc","V_CPR_LOCATION_4","VIEW","1","ID","nvarchar","250","False","1","0","Primární identifikátor záznamu"
"odb_dc","V_CPR_LOCATION_4","VIEW","2","STEWARDSHIP_NAME","nvarchar","250","True","0","0","Správa (stewardship)"
"odb_dc","V_CPR_LOCATION_4","VIEW","3","LOCATION_GID","nvarchar","250","True","0","1","Location Gid"
"odb_dc","V_CPR_LOCATION_4","VIEW","4","LOCATION_NAME","nvarchar","1000","True","0","0","Název"
"odb_dc","V_CPR_LOCATION_4","VIEW","5","PARENT_GID","nvarchar","250","True","0","1","ID rodiče"
"odb_dc","V_CPR_LOCATION_4","VIEW","6","DATETIME","datetime2","6","True","0","0","Datum/čas"
"odb_dc","V_CPR_METRICS","VIEW","1","ID","nvarchar","250","False","1","0","Primární identifikátor záznamu"
"odb_dc","V_CPR_METRICS","VIEW","2","NAME","nvarchar","500","True","0","0","Název"
"odb_dc","V_CPR_METRICS","VIEW","3","ABBREVIATION","nvarchar","250","True","0","0","Zkratka"
"odb_dc","V_CPR_METRICS","VIEW","4","BUSINESS_DEFINITION","nvarchar","-1","True","0","0","Obchodní definice"
"odb_dc","V_CPR_METRICS","VIEW","5","CALCULATION_DESCRIPTION","nvarchar","-1","True","0","0","Popis"
"odb_dc","V_CPR_METRICS","VIEW","6","CONFIDENTIALITY","nvarchar","250","True","0","0","Confidentiality"
"odb_dc","V_CPR_METRICS","VIEW","7","CPR_M_NOTE","nvarchar","2000","True","0","0","Poznámka"
"odb_dc","V_CPR_METRICS","VIEW","8","OBSOLESCENCE","bit","1","True","0","0","Obsolescence"
"odb_dc","V_CPR_METRICS","VIEW","9","OWNER","nvarchar","250","True","0","0","Vlastník"
"odb_dc","V_CPR_METRICS","VIEW","10","PUSHDOWN_ENABLED","bit","1","True","0","0","Pushdown Enabled"
"odb_dc","V_CPR_METRICS","VIEW","11","STEWARD","nvarchar","250","True","0","0","Steward"
"odb_dc","V_CPR_METRICS","VIEW","12","STEWARDSHIP","nvarchar","250","True","0","0","Správa (stewardship)"
"odb_dc","V_CPR_METRICS","VIEW","13","SYNONYM_ID","nvarchar","250","True","0","1","Synonym Identifikátor"
"odb_dc","V_CPR_METRICS","VIEW","14","TERM_DEFINITION_SOURCE","nvarchar","250","True","0","0","Term Definice Source"
"odb_dc","V_CPR_METRICS","VIEW","15","ENTITY","nvarchar","250","True","0","0","Entity"
"odb_dc","V_CPR_METRICS","VIEW","16","PARENT_ID","nvarchar","250","True","0","1","ID rodiče"
"odb_dc","V_CPR_METRICS","VIEW","17","GUID_SPARX_EA","nvarchar","250","True","0","0","Globálně unikátní identifikátor (GUID) Sparx Ea"
"odb_dc","V_CPR_METRICS","VIEW","18","DATETIME","datetime2","6","True","0","0","Datum/čas"
"odb_dc","V_CPR_METRICS","VIEW","19","CPR_M_STATE","nvarchar","250","True","0","0","Cpr M State"
"odb_dc","V_CPR_PERSON_ROLES","VIEW","1","ID","nvarchar","250","False","1","0","Primární identifikátor záznamu"
"odb_dc","V_CPR_PERSON_ROLES","VIEW","2","ROLE_ID","nvarchar","250","True","0","1","Role Identifikátor"
"odb_dc","V_CPR_PERSON_ROLES","VIEW","3","ROLE","nvarchar","250","True","0","0","Role"
"odb_dc","V_CPR_PERSON_ROLES","VIEW","4","DISPLAY_NAME","nvarchar","500","True","0","0","Název"
"odb_dc","V_CPR_PERSON_ROLES","VIEW","5","USER_ID","nvarchar","250","True","0","1","Uživatel Identifikátor"
"odb_dc","V_CPR_PERSON_ROLES","VIEW","6","USERNAME","nvarchar","250","True","0","0","Uživatelské jméno"
"odb_dc","V_CPR_PERSON_ROLES","VIEW","7","PERSON_ID","nvarchar","250","True","0","1","Person Identifikátor"
"odb_dc","V_CPR_PERSON_ROLES","VIEW","8","PERSON_NUM_ID","nvarchar","250","True","0","1","Person Num Identifikátor"
"odb_dc","V_CPR_PERSON_ROLES","VIEW","9","DATETIME","datetime2","6","True","0","0","Datum/čas"
"odb_dc","V_CPR_PROFILING","VIEW","1","ID","nvarchar","250","False","1","0","Primární identifikátor záznamu"
"odb_dc","V_CPR_PROFILING","VIEW","2","NAME","nvarchar","500","True","0","0","Název"
"odb_dc","V_CPR_PROFILING","VIEW","3","JOB_TYPE","nvarchar","250","True","0","0","Job Typ"
"odb_dc","V_CPR_PROFILING","VIEW","4","STATUS","nvarchar","250","True","0","0","Stav"
"odb_dc","V_CPR_PROFILING","VIEW","5","ERROR","nvarchar","1000","True","0","0","Chyba"
"odb_dc","V_CPR_PROFILING","VIEW","6","JOB","nvarchar","250","True","0","0","Job"
"odb_dc","V_CPR_PROFILING","VIEW","7","PROFILED_CATALOG_ITEM","nvarchar","250","True","0","0","Profiled Catalog Item"
"odb_dc","V_CPR_PROFILING","VIEW","8","CONFIGURATION_ID","nvarchar","250","True","0","1","Configuration Identifikátor"
"odb_dc","V_CPR_PROFILING","VIEW","9","PROFILING_EXECTOR_JOB_ID","nvarchar","250","True","0","1","Profiling Exector Job Identifikátor"
"odb_dc","V_CPR_PROFILING","VIEW","10","CREATED_AT","nvarchar","250","True","0","0","Datum/čas vytvoření"
"odb_dc","V_CPR_PROFILING","VIEW","11","STARTED_AT","nvarchar","250","True","0","0","Started At"
"odb_dc","V_CPR_PROFILING","VIEW","12","FINISHED_AT","nvarchar","250","True","0","0","Finished At"
"odb_dc","V_CPR_PROFILING","VIEW","13","LINKED_ENTITY_NODE_PATCH","nvarchar","250","True","0","0","Linked Entity Node Patch"
"odb_dc","V_CPR_PROFILING","VIEW","14","LINKED_ENTITY_ID","nvarchar","250","True","0","1","Linked Entity Identifikátor"
"odb_dc","V_CPR_PROFILING","VIEW","15","LINKED_ENTITY_HCN","nvarchar","250","True","0","0","Linked Entity Hcn"
"odb_dc","V_CPR_PROFILING","VIEW","16","DURATION","nvarchar","250","True","0","0","Doba trvání"
"odb_dc","V_CPR_PROFILING","VIEW","17","REASON","nvarchar","250","True","0","0","Důvod"
"odb_dc","V_CPR_PROFILING","VIEW","18","JOB_USER","nvarchar","250","True","0","0","Job Uživatel"
"odb_dc","V_CPR_PROFILING","VIEW","19","DATETIME","datetime2","6","True","0","0","Datum/čas"
"odb_dc","V_CPR_REPORT_CATALOG","VIEW","1","ID","nvarchar","250","False","1","0","Primární identifikátor záznamu"
"odb_dc","V_CPR_REPORT_CATALOG","VIEW","2","NAME","nvarchar","500","True","0","0","Název"
"odb_dc","V_CPR_REPORT_CATALOG","VIEW","3","STEWARDSHIP","nvarchar","250","True","0","0","Správa (stewardship)"
"odb_dc","V_CPR_REPORT_CATALOG","VIEW","4","CREATED_AT","nvarchar","250","True","0","0","Datum/čas vytvoření"
"odb_dc","V_CPR_REPORT_CATALOG","VIEW","5","CREATED_BY","nvarchar","250","True","0","0","Datum/čas vytvoření"
"odb_dc","V_CPR_REPORT_CATALOG","VIEW","6","MODIFIED_AT","nvarchar","250","True","0","0","Modified At"
"odb_dc","V_CPR_REPORT_CATALOG","VIEW","7","MODIFIED_BY","nvarchar","250","True","0","0","Modified By"
"odb_dc","V_CPR_REPORT_CATALOG","VIEW","8","ORIGIN_LINK","nvarchar","2000","True","0","0","Origin Link"
"odb_dc","V_CPR_REPORT_CATALOG","VIEW","9","REPORT_ID","nvarchar","250","True","0","1","Report Identifikátor"
"odb_dc","V_CPR_REPORT_CATALOG","VIEW","10","REPORT_FORMAT","nvarchar","250","True","0","0","Report Format"
"odb_dc","V_CPR_REPORT_CATALOG","VIEW","11","UPDATE_FREQUENCY","nvarchar","250","True","0","0","Update Frequency"
"odb_dc","V_CPR_REPORT_CATALOG","VIEW","12","UPDATE_FREQUENCY_DETAIL","nvarchar","2000","True","0","0","Update Frequency Detail"
"odb_dc","V_CPR_REPORT_CATALOG","VIEW","13","PROCESSING_METHOD","nvarchar","250","True","0","0","Processing Method"
"odb_dc","V_CPR_REPORT_CATALOG","VIEW","14","REPORT_PATH","nvarchar","2000","True","0","0","Report Path"
"odb_dc","V_CPR_REPORT_CATALOG","VIEW","15","LAST_UPDATE","nvarchar","250","True","0","0","Poslední Update"
"odb_dc","V_CPR_REPORT_CATALOG","VIEW","16","REPORT_CERTIFICATION","nvarchar","250","True","0","0","Report Certification"
"odb_dc","V_CPR_REPORT_CATALOG","VIEW","17","REPORT_BUSINESS_OWNER","nvarchar","250","True","0","0","Report Obchodní Vlastník"
"odb_dc","V_CPR_REPORT_CATALOG","VIEW","18","REPORT_STEWARD","nvarchar","250","True","0","0","Report Steward"
"odb_dc","V_CPR_REPORT_CATALOG","VIEW","19","DESCRIPTION","nvarchar","2000","True","0","0","Popis"
"odb_dc","V_CPR_REPORT_CATALOG","VIEW","20","DATETIME","datetime2","6","True","0","0","Datum/čas"
"odb_dc","V_CPR_REPORT_TERM_INSTANCE","VIEW","1","ID","nvarchar","250","False","1","0","Primární identifikátor záznamu"
"odb_dc","V_CPR_REPORT_TERM_INSTANCE","VIEW","2","TERM_ID","nvarchar","250","True","0","1","Term Identifikátor"
"odb_dc","V_CPR_REPORT_TERM_INSTANCE","VIEW","3","TERM_NAME","nvarchar","500","True","0","0","Název"
"odb_dc","V_CPR_REPORT_TERM_INSTANCE","VIEW","4","CPR_REPORT_ID","nvarchar","250","True","0","1","Cpr Report Identifikátor"
"odb_dc","V_CPR_REPORT_TERM_INSTANCE","VIEW","5","CPR_REPORT_NAME","nvarchar","500","True","0","0","Název"
"odb_dc","V_CPR_REPORT_TERM_INSTANCE","VIEW","6","DATETIME","datetime2","6","True","0","0","Datum/čas"
"odb_dc","V_CPR_RULE","VIEW","1","RULE_ID","varchar","250","False","0","1","Rule Identifikátor"
"odb_dc","V_CPR_RULE","VIEW","2","NAME","varchar","500","True","0","0","Název"
"odb_dc","V_CPR_RULE","VIEW","3","DECSRIPTION","varchar","2000","True","0","0","Popis"
"odb_dc","V_CPR_RULE","VIEW","4","RULE_DEFINITION_SOURCE","varchar","250","True","0","0","Rule Definice Source"
"odb_dc","V_CPR_RULE","VIEW","5","OWNER","varchar","250","True","0","0","Vlastník"
"odb_dc","V_CPR_RULE","VIEW","6","STEWARD","varchar","250","True","0","0","Steward"
"odb_dc","V_CPR_RULE","VIEW","7","STEREOTYPE","varchar","250","True","0","0","Stereotype"
"odb_dc","V_CPR_RULE","VIEW","8","STEWARDSHIP","varchar","250","True","0","0","Správa (stewardship)"
"odb_dc","V_CPR_RULE","VIEW","9","DATETIME","datetime2","6","True","0","0","Datum/čas"
"odb_dc","V_CPR_SKC_VL_PROCESSING_METHOD","VIEW","1","ID","nvarchar","250","False","1","0","Primární identifikátor záznamu"
"odb_dc","V_CPR_SKC_VL_PROCESSING_METHOD","VIEW","2","ENTITY","nvarchar","250","True","0","0","Entity"
"odb_dc","V_CPR_SKC_VL_PROCESSING_METHOD","VIEW","3","PARENT_ID","nvarchar","250","True","0","1","ID rodiče"
"odb_dc","V_CPR_SKC_VL_PROCESSING_METHOD","VIEW","4","NAME","nvarchar","500","True","0","0","Název"
"odb_dc","V_CPR_SKC_VL_PROCESSING_METHOD","VIEW","5","DESCRIPTION","nvarchar","2000","True","0","0","Popis"
"odb_dc","V_CPR_SKC_VL_PROCESSING_METHOD","VIEW","6","DATETIME","datetime2","6","True","0","0","Datum/čas"
"odb_dc","V_CPR_SKC_VL_REPORT_FORMAT","VIEW","1","ID","nvarchar","250","False","1","0","Primární identifikátor záznamu"
"odb_dc","V_CPR_SKC_VL_REPORT_FORMAT","VIEW","2","ENTITY","nvarchar","250","True","0","0","Entity"
"odb_dc","V_CPR_SKC_VL_REPORT_FORMAT","VIEW","3","PARENT_ID","nvarchar","250","True","0","1","ID rodiče"
"odb_dc","V_CPR_SKC_VL_REPORT_FORMAT","VIEW","4","NAME","nvarchar","500","True","0","0","Název"
"odb_dc","V_CPR_SKC_VL_REPORT_FORMAT","VIEW","5","DESCRIPTION","nvarchar","2000","True","0","0","Popis"
"odb_dc","V_CPR_SKC_VL_REPORT_FORMAT","VIEW","6","DATETIME","datetime2","6","True","0","0","Datum/čas"
"odb_dc","V_CPR_SKC_VL_UPDATE_FREQUENCY","VIEW","1","ID","nvarchar","250","False","1","0","Primární identifikátor záznamu"
"odb_dc","V_CPR_SKC_VL_UPDATE_FREQUENCY","VIEW","2","ENTITY","nvarchar","250","True","0","0","Entity"
"odb_dc","V_CPR_SKC_VL_UPDATE_FREQUENCY","VIEW","3","PARENT_ID","nvarchar","250","True","0","1","ID rodiče"
"odb_dc","V_CPR_SKC_VL_UPDATE_FREQUENCY","VIEW","4","NAME","nvarchar","500","True","0","0","Název"
"odb_dc","V_CPR_SKC_VL_UPDATE_FREQUENCY","VIEW","5","DESCRIPTION","nvarchar","2000","True","0","0","Popis"
"odb_dc","V_CPR_SKC_VL_UPDATE_FREQUENCY","VIEW","6","DATETIME","datetime2","6","True","0","0","Datum/čas"
"odb_dc","V_CPR_SOURCE","VIEW","1","ID","nvarchar","250","False","1","0","Primární identifikátor záznamu"
"odb_dc","V_CPR_SOURCE","VIEW","2","NAME","nvarchar","500","True","0","0","Název"
"odb_dc","V_CPR_SOURCE","VIEW","3","DESCRIPTION","nvarchar","2000","True","0","0","Popis"
"odb_dc","V_CPR_SOURCE","VIEW","4","STEWARDSHIP_NAME","nvarchar","250","True","0","0","Správa (stewardship)"
"odb_dc","V_CPR_SOURCE","VIEW","5","DATETIME","datetime2","6","True","0","0","Datum/čas"
"odb_dc","V_CPR_STEWARDSHIP","VIEW","1","ID","nvarchar","250","False","1","0","Primární identifikátor záznamu"
"odb_dc","V_CPR_STEWARDSHIP","VIEW","2","GROUP_ID","nvarchar","250","True","0","1","Skupina Identifikátor"
"odb_dc","V_CPR_STEWARDSHIP","VIEW","3","GROUP_NAME","nvarchar","500","True","0","0","Název"
"odb_dc","V_CPR_STEWARDSHIP","VIEW","4","GROUP_DESCRIPTION","nvarchar","2000","True","0","0","Popis"
"odb_dc","V_CPR_STEWARDSHIP","VIEW","5","ROLE","nvarchar","250","True","0","0","Role"
"odb_dc","V_CPR_STEWARDSHIP","VIEW","6","ROLES_DISPLAY_NAME","nvarchar","250","True","0","0","Název"
"odb_dc","V_CPR_STEWARDSHIP","VIEW","7","GROUP_ROLES","nvarchar","250","True","0","0","Skupina Roles"
"odb_dc","V_CPR_STEWARDSHIP","VIEW","8","GROUP_ROLES_NAME","nvarchar","250","True","0","0","Název"
"odb_dc","V_CPR_STEWARDSHIP","VIEW","9","DATETIME","datetime2","6","True","0","0","Datum/čas"
"odb_dc","V_CPR_SUBTASK","VIEW","1","ID","nvarchar","255","False","1","0","Primární identifikátor záznamu"
"odb_dc","V_CPR_SUBTASK","VIEW","2","NAME","nvarchar","255","True","0","0","Název"
"odb_dc","V_CPR_SUBTASK","VIEW","3","DESCRIPTION","nvarchar","-1","True","0","0","Popis"
"odb_dc","V_CPR_SUBTASK","VIEW","4","ASSIGNMENT_ROLE_ID","nvarchar","255","True","0","1","Assignment Role Identifikátor"
"odb_dc","V_CPR_SUBTASK","VIEW","5","ASSIGNMENT_GROUP","nvarchar","255","True","0","0","Assignment Skupina"
"odb_dc","V_CPR_SUBTASK","VIEW","6","ASSIGNMENT_USER","nvarchar","255","True","0","0","Assignment Uživatel"
"odb_dc","V_CPR_SUBTASK","VIEW","7","UPDATED","nvarchar","255","True","0","0","Updated"
"odb_dc","V_CPR_SUBTASK","VIEW","8","ENTITY_TYPE","nvarchar","255","True","0","0","Entity Typ"
"odb_dc","V_CPR_SUBTASK","VIEW","9","ENTITY_INSTANCE_ID","nvarchar","255","True","0","1","Entity Instance Identifikátor"
"odb_dc","V_CPR_SUBTASK","VIEW","10","AUTHOR","nvarchar","255","True","0","0","Autor"
"odb_dc","V_CPR_SUBTASK","VIEW","11","CREATED","nvarchar","255","True","0","0","Datum/čas vytvoření"
"odb_dc","V_CPR_SUBTASK","VIEW","12","STATE","nvarchar","255","True","0","0","State"
"odb_dc","V_CPR_SUBTASK","VIEW","13","TASK_ID","nvarchar","255","True","0","1","Task Identifikátor"
"odb_dc","V_CPR_SUBTASK","VIEW","14","DATETIME","datetime2","6","True","0","0","Datum/čas"
"odb_dc","V_CPR_TASK","VIEW","1","ID","nvarchar","255","False","1","0","Primární identifikátor záznamu"
"odb_dc","V_CPR_TASK","VIEW","2","NAME","nvarchar","255","True","0","0","Název"
"odb_dc","V_CPR_TASK","VIEW","3","DESCRIPTION","nvarchar","-1","True","0","0","Popis"
"odb_dc","V_CPR_TASK","VIEW","4","TYPE","nvarchar","255","True","0","0","Typ"
"odb_dc","V_CPR_TASK","VIEW","5","PRIORITY","nvarchar","255","True","0","0","Priorita"
"odb_dc","V_CPR_TASK","VIEW","6","ASSIGNMENT_ROLE_ID","nvarchar","255","True","0","1","Assignment Role Identifikátor"
"odb_dc","V_CPR_TASK","VIEW","7","ASSIGNMENT_GROUP","nvarchar","255","True","0","0","Assignment Skupina"
"odb_dc","V_CPR_TASK","VIEW","8","ASSIGNMENT_USER","nvarchar","255","True","0","0","Assignment Uživatel"
"odb_dc","V_CPR_TASK","VIEW","9","UPDATED","nvarchar","255","True","0","0","Updated"
"odb_dc","V_CPR_TASK","VIEW","10","ENTITY_TYPE","nvarchar","255","True","0","0","Entity Typ"
"odb_dc","V_CPR_TASK","VIEW","11","ENTITY_INSTANCE_ID","nvarchar","255","True","0","1","Entity Instance Identifikátor"
"odb_dc","V_CPR_TASK","VIEW","12","AUTHOR","nvarchar","255","True","0","0","Autor"
"odb_dc","V_CPR_TASK","VIEW","13","CREATED","nvarchar","255","True","0","0","Datum/čas vytvoření"
"odb_dc","V_CPR_TASK","VIEW","14","WORKFLOW_STATE","nvarchar","255","True","0","0","Workflow State"
"odb_dc","V_CPR_TASK","VIEW","15","STATE","nvarchar","255","True","0","0","State"
"odb_dc","V_CPR_TASK","VIEW","16","DUE_DATE_WITH_TIME","nvarchar","255","True","0","0","Due Date With Time"
"odb_dc","V_CPR_TASK","VIEW","17","DATETIME","datetime2","6","True","0","0","Datum/čas"
"odb_dc","V_CPR_TERM_INSTANCES_ATTRIBUTES","VIEW","1","ID","nvarchar","250","False","1","0","Primární identifikátor záznamu"
"odb_dc","V_CPR_TERM_INSTANCES_ATTRIBUTES","VIEW","2","TARGET","nvarchar","250","True","0","0","Target"
"odb_dc","V_CPR_TERM_INSTANCES_ATTRIBUTES","VIEW","3","DISPLAY_NAME","nvarchar","500","True","0","0","Název"
"odb_dc","V_CPR_TERM_INSTANCES_ATTRIBUTES","VIEW","4","PARENT_ID","nvarchar","250","True","0","1","ID rodiče"
"odb_dc","V_CPR_TERM_INSTANCES_ATTRIBUTES","VIEW","5","DATETIME","datetime2","6","True","0","0","Datum/čas"
"odb_dc","V_CPR_TERM_RELATIONSHIP","VIEW","1","ID","nvarchar","250","False","1","0","Primární identifikátor záznamu"
"odb_dc","V_CPR_TERM_RELATIONSHIP","VIEW","2","NAME","nvarchar","500","True","0","0","Název"
"odb_dc","V_CPR_TERM_RELATIONSHIP","VIEW","3","TYPE","nvarchar","250","True","0","0","Typ"
"odb_dc","V_CPR_TERM_RELATIONSHIP","VIEW","4","SOURCE","nvarchar","250","True","0","0","Source"
"odb_dc","V_CPR_TERM_RELATIONSHIP","VIEW","5","TARGET","nvarchar","250","True","0","0","Target"
"odb_dc","V_CPR_TERM_RELATIONSHIP","VIEW","6","DATETIME","datetime2","6","True","0","0","Datum/čas"
"odb_dc","V_CPR_VL_ACCESS_MANAGEMENT","VIEW","1","ID","nvarchar","250","False","1","0","Primární identifikátor záznamu"
"odb_dc","V_CPR_VL_ACCESS_MANAGEMENT","VIEW","2","ENTITY","nvarchar","250","True","0","0","Entity"
"odb_dc","V_CPR_VL_ACCESS_MANAGEMENT","VIEW","3","PARENT_ID","nvarchar","250","True","0","1","ID rodiče"
"odb_dc","V_CPR_VL_ACCESS_MANAGEMENT","VIEW","4","NAME","nvarchar","500","True","0","0","Název"
"odb_dc","V_CPR_VL_ACCESS_MANAGEMENT","VIEW","5","DESCRIPTION","nvarchar","2000","True","0","0","Popis"
"odb_dc","V_CPR_VL_ACCESS_MANAGEMENT","VIEW","6","DATETIME","datetime2","6","True","0","0","Datum/čas"
"odb_dc","V_CPR_VL_BUSINESS_DOMAIN","VIEW","1","ID","nvarchar","250","False","1","0","Primární identifikátor záznamu"
"odb_dc","V_CPR_VL_BUSINESS_DOMAIN","VIEW","2","ENTITY","nvarchar","250","True","0","0","Entity"
"odb_dc","V_CPR_VL_BUSINESS_DOMAIN","VIEW","3","PARENT_ID","nvarchar","250","True","0","1","ID rodiče"
"odb_dc","V_CPR_VL_BUSINESS_DOMAIN","VIEW","4","NAME","nvarchar","500","True","0","0","Název"
"odb_dc","V_CPR_VL_BUSINESS_DOMAIN","VIEW","5","DESCRIPTION","nvarchar","2000","True","0","0","Popis"
"odb_dc","V_CPR_VL_BUSINESS_DOMAIN","VIEW","6","OWNER","nvarchar","250","True","0","0","Vlastník"
"odb_dc","V_CPR_VL_BUSINESS_DOMAIN","VIEW","7","DATETIME","datetime2","6","True","0","0","Datum/čas"
"odb_dc","V_CPR_VL_CATEGORIES","VIEW","1","ID","nvarchar","250","False","1","0","Primární identifikátor záznamu"
"odb_dc","V_CPR_VL_CATEGORIES","VIEW","2","ENTITY","nvarchar","250","True","0","0","Entity"
"odb_dc","V_CPR_VL_CATEGORIES","VIEW","3","PARENT_ID","nvarchar","250","True","0","1","ID rodiče"
"odb_dc","V_CPR_VL_CATEGORIES","VIEW","4","NAME","nvarchar","500","True","0","0","Název"
"odb_dc","V_CPR_VL_CATEGORIES","VIEW","5","DESCRIPTION","nvarchar","2000","True","0","0","Popis"
"odb_dc","V_CPR_VL_CATEGORIES","VIEW","6","DATETIME","datetime2","6","True","0","0","Datum/čas"
"odb_dc","V_CPR_VL_CONFIDENTIALITY","VIEW","1","ID","nvarchar","250","False","1","0","Primární identifikátor záznamu"
"odb_dc","V_CPR_VL_CONFIDENTIALITY","VIEW","2","ENTITY","nvarchar","250","True","0","0","Entity"
"odb_dc","V_CPR_VL_CONFIDENTIALITY","VIEW","3","PARENT_ID","nvarchar","250","True","0","1","ID rodiče"
"odb_dc","V_CPR_VL_CONFIDENTIALITY","VIEW","4","NAME","nvarchar","500","True","0","0","Název"
"odb_dc","V_CPR_VL_CONFIDENTIALITY","VIEW","5","DESCRIPTION","nvarchar","2000","True","0","0","Popis"
"odb_dc","V_CPR_VL_CONFIDENTIALITY","VIEW","6","DATETIME","datetime2","6","True","0","0","Datum/čas"
"odb_dc","V_CPR_VL_DQ_CHECK_REQUEST","VIEW","1","ID","nvarchar","250","False","1","0","Primární identifikátor záznamu"
"odb_dc","V_CPR_VL_DQ_CHECK_REQUEST","VIEW","2","ENTITY","nvarchar","250","True","0","0","Entity"
"odb_dc","V_CPR_VL_DQ_CHECK_REQUEST","VIEW","3","PARENT_ID","nvarchar","250","True","0","1","ID rodiče"
"odb_dc","V_CPR_VL_DQ_CHECK_REQUEST","VIEW","4","NAME","nvarchar","500","True","0","0","Název"
"odb_dc","V_CPR_VL_DQ_CHECK_REQUEST","VIEW","5","DESCRIPTION","nvarchar","2000","True","0","0","Popis"
"odb_dc","V_CPR_VL_DQ_CHECK_REQUEST","VIEW","6","DATETIME","datetime2","6","True","0","0","Datum/čas"
"odb_dc","V_CPR_VL_LDM_DOMAINS","VIEW","1","ID","nvarchar","250","False","1","0","Primární identifikátor záznamu"
"odb_dc","V_CPR_VL_LDM_DOMAINS","VIEW","2","ENTITY","nvarchar","250","True","0","0","Entity"
"odb_dc","V_CPR_VL_LDM_DOMAINS","VIEW","3","PARENT_ID","nvarchar","250","True","0","1","ID rodiče"
"odb_dc","V_CPR_VL_LDM_DOMAINS","VIEW","4","NAME","nvarchar","500","True","0","0","Název"
"odb_dc","V_CPR_VL_LDM_DOMAINS","VIEW","5","DESCRIPTION","nvarchar","2000","True","0","0","Popis"
"odb_dc","V_CPR_VL_LDM_DOMAINS","VIEW","6","DATETIME","datetime2","6","True","0","0","Datum/čas"
"odb_dc","V_CPR_VL_QUERYOPTIMALIZATION","VIEW","1","ID","nvarchar","250","False","1","0","Primární identifikátor záznamu"
"odb_dc","V_CPR_VL_QUERYOPTIMALIZATION","VIEW","2","ENTITY","nvarchar","250","True","0","0","Entity"
"odb_dc","V_CPR_VL_QUERYOPTIMALIZATION","VIEW","3","PARENT_ID","nvarchar","250","True","0","1","ID rodiče"
"odb_dc","V_CPR_VL_QUERYOPTIMALIZATION","VIEW","4","NAME","nvarchar","500","True","0","0","Název"
"odb_dc","V_CPR_VL_QUERYOPTIMALIZATION","VIEW","5","DESCRIPTION","nvarchar","2000","True","0","0","Popis"
"odb_dc","V_CPR_VL_QUERYOPTIMALIZATION","VIEW","6","DATETIME","datetime2","6","True","0","0","Datum/čas"
"odb_dc","V_CPR_VL_REPORT_CERTIFICATION","VIEW","1","ID","nvarchar","250","False","1","0","Primární identifikátor záznamu"
"odb_dc","V_CPR_VL_REPORT_CERTIFICATION","VIEW","2","ENTITY","nvarchar","250","True","0","0","Entity"
"odb_dc","V_CPR_VL_REPORT_CERTIFICATION","VIEW","3","PARENT_ID","nvarchar","250","True","0","1","ID rodiče"
"odb_dc","V_CPR_VL_REPORT_CERTIFICATION","VIEW","4","NAME","nvarchar","500","True","0","0","Název"
"odb_dc","V_CPR_VL_REPORT_CERTIFICATION","VIEW","5","DESCRIPTION","nvarchar","2000","True","0","0","Popis"
"odb_dc","V_CPR_VL_REPORT_CERTIFICATION","VIEW","6","DATETIME","datetime2","6","True","0","0","Datum/čas"
"odb_dc","V_CPR_VL_VERSIONING_METHOD","VIEW","1","ID","nvarchar","250","False","1","0","Primární identifikátor záznamu"
"odb_dc","V_CPR_VL_VERSIONING_METHOD","VIEW","2","ENTITY","nvarchar","250","True","0","0","Entity"
"odb_dc","V_CPR_VL_VERSIONING_METHOD","VIEW","3","PARENT_ID","nvarchar","250","True","0","1","ID rodiče"
"odb_dc","V_CPR_VL_VERSIONING_METHOD","VIEW","4","NAME","nvarchar","500","True","0","0","Název"
"odb_dc","V_CPR_VL_VERSIONING_METHOD","VIEW","5","DESCRIPTION","nvarchar","2000","True","0","0","Popis"
"odb_dc","V_CPR_VL_VERSIONING_METHOD","VIEW","6","DATETIME","datetime2","6","True","0","0","Datum/čas"
"odb_dc","V_CPR_WORKSPACE","VIEW","1","ID","nvarchar","250","False","1","0","Primární identifikátor záznamu"
"odb_dc","V_CPR_WORKSPACE","VIEW","2","STEWARDSHIP_NAME","nvarchar","250","True","0","0","Správa (stewardship)"
"odb_dc","V_CPR_WORKSPACE","VIEW","3","WORKSPACE_GID","nvarchar","250","True","0","1","Workspace Gid"
"odb_dc","V_CPR_WORKSPACE","VIEW","4","WORKSPACE_NAME","nvarchar","1000","True","0","0","Název"
"odb_dc","V_CPR_WORKSPACE","VIEW","5","DATETIME","datetime2","6","True","0","0","Datum/čas"
"odb_mng","V_CPR_SEMAFOR_VYSTUPU_PRO_ODB","VIEW","1","ID_SEMAFOR","varchar","20","False","0","0","Identifikátor Semafor"
"odb_mng","V_CPR_SEMAFOR_VYSTUPU_PRO_ODB","VIEW","2","SEMAFOR_ZELENA","smallint","2","True","0","0","Semafor Zelena"
"odb_mng","V_CPR_SEMAFOR_VYSTUPU_PRO_ODB","VIEW","3","ZACATEK_VYSTUPU","datetime2","8","True","0","0","Zacatek Vystupu"
"odb_mng","V_CPR_SEMAFOR_VYSTUPU_PRO_ODB","VIEW","4","KONEC_VYSTUPU","datetime2","8","True","0","0","Konec Vystupu"
"odb_mng","V_CPR_SEMAFOR_VYSTUPU_PRO_ODB","VIEW","5","ZPRAVA_CHYBA","nvarchar","256","True","0","0","Zprava Chyba"
